molecule_chembl_id,parent_molecule_chembl_id,canonical_smiles,pref_name,pchembl_median,pchembl_n,pchembl_min,pchembl_max,standard_types,assay_types,bao_labels,evidence_level,assay_confidence_scores,assay_relationship_types,document_years,max_phase
CHEMBL105076,CHEMBL105076,CC(CNS(=O)(=O)C(C)C)c1ccc(NC(=O)c2ccccc2)cc1,,6.28,1,6.28,6.28,EC50,F,assay format,other,8,H,2010,
CHEMBL1097939,CHEMBL1097939,CC(CNS(=O)(=O)C(C)C)C1CCC(c2ccc(C#N)cc2)CC1,,6.82,1,6.82,6.82,EC50,B,cell-based format,cell_based,9,D,2010,
CHEMBL120808,CHEMBL120808,Cc1nn(C[C@H](N)C(=O)O)c(=O)[nH]c1=O,,6.43,1,6.43,6.43,Ki,B,cell-based format,cell_based,9,D,1997,
CHEMBL121191,CHEMBL121191,N[C@@H](Cn1cc([N+](=O)[O-])c(=O)[nH]c1=O)C(=O)O,,6.94,1,6.94,6.94,Ki,B,cell-based format,cell_based,9,D,1997,
CHEMBL121388,CHEMBL121388,N[C@@H](Cn1cc(Cl)c(=O)[nH]c1=O)C(=O)O,,7.28,1,7.28,7.28,Ki,B,cell-based format,cell_based,9,D,1997,
CHEMBL1214201,CHEMBL1214201,CC(C)S(=O)(=O)NC[C@H](C)c1ccc(NC(=O)c2cc(F)cc(F)c2)cc1,,6.4,1,6.4,6.4,EC50,B,cell-based format,cell_based,9,D,2010,
CHEMBL1214202,CHEMBL1214202,CC(C)S(=O)(=O)NC1Cc2ccc(-c3cccc(NS(C)(=O)=O)c3)cc2C1,,6.1,1,6.1,6.1,EC50,B,cell-based format,cell_based,9,D,2010,
CHEMBL1214335,CHEMBL1214335,CC(C)S(=O)(=O)NC1Cc2ccc(-c3cccc(CN4CCCS4(=O)=O)c3)cc2C1,,6.4,1,6.4,6.4,EC50,B,cell-based format,cell_based,9,D,2010,
CHEMBL121553,CHEMBL121553,N[C@@H](Cn1nc(I)c(=O)[nH]c1=O)C(=O)O,,7.0,1,7.0,7.0,Ki,B,cell-based format,cell_based,9,D,1997,
CHEMBL121915,CHEMBL121915,N[C@@H](Cn1cc(I)c(=O)[nH]c1=O)C(=O)O,,6.75,1,6.75,6.75,Ki,B,cell-based format,cell_based,9,D,1997,
CHEMBL122005,CHEMBL122005,N[C@@H](Cn1ccc(=O)[nH]c1=O)C(=O)O,(S)-WILLARDIINE,6.05,1,6.05,6.05,Ki,B,cell-based format,cell_based,9,D,1997,
CHEMBL122656,CHEMBL122656,N[C@@H](Cn1ncc(=O)[nH]c1=O)C(=O)O,,6.34,1,6.34,6.34,Ki,B,cell-based format,cell_based,9,D,1997,
CHEMBL1230591,CHEMBL1230591,CC(C)S(=O)(=O)N[C@H]1Cc2ccc(Cc3ccc(C(F)(F)F)o3)cc2C1,,6.0,1,6.0,6.0,EC50,B,single protein format,single_protein,8,H,2011,
CHEMBL123132,CHEMBL123132,N[C@@H](Cn1cc(F)c(=O)[nH]c1=O)C(=O)O,,6.965,2,6.33,7.6,EC50;Ki,B;F,cell-based format,cell_based,8;9,D;H,1997;2010,
CHEMBL1232932,CHEMBL1232932,CC(C)S(=O)(=O)N[C@H]1Cc2ccc(Cn3cc(CO)c(C(F)(F)F)n3)cc2C1,,6.3,1,6.3,6.3,EC50,B,single protein format,single_protein,8,H,2011,
CHEMBL1234887,CHEMBL1234887,CCNCc1cn(CC(=O)Nc2sc3c(c2C(N)=O)CCCC3)nc1C(F)(F)F,,6.1,1,6.1,6.1,EC50,B,single protein format,single_protein,8,H,2011,
CHEMBL1289181,CHEMBL1289181,CC(C)S(=O)(=O)N[C@@H]1COC[C@@H]1c1ccc(-c2ccc(C#N)cc2)cc1,,6.3,1,6.3,6.3,EC50,B,single protein format,single_protein,9,D,2010,
CHEMBL1289293,CHEMBL1289293,CC(=O)c1cccc(-c2ccc([C@H]3COC[C@H]3NS(=O)(=O)C(C)C)cc2)c1,,7.0,1,7.0,7.0,EC50,B,single protein format,single_protein,9,D,2010,
CHEMBL1289294,CHEMBL1289294,CC(C)S(=O)(=O)N[C@@H]1COC[C@@H]1c1ccc(-c2ccc(F)nc2)cc1,,6.52,1,6.52,6.52,EC50,B,single protein format,single_protein,9,D,2010,
CHEMBL1289408,CHEMBL1289408,CC(C)S(=O)(=O)N[C@@H]1COC[C@@H]1c1ccc(-c2cncc(F)c2)cc1,,6.52,1,6.52,6.52,EC50,B,single protein format,single_protein,9,D,2010,
CHEMBL1289409,CHEMBL1289409,CC(C)S(=O)(=O)N[C@@H]1COC[C@@H]1c1ccc(-c2ccc(F)cn2)cc1,,6.52,1,6.52,6.52,EC50,B,single protein format,single_protein,9,D,2010,
CHEMBL1289410,CHEMBL1289410,CC(C)S(=O)(=O)N[C@@H]1COC[C@@H]1c1ccc(-c2cccs2)cc1,,6.52,1,6.52,6.52,EC50,B,single protein format,single_protein,9,D,2010,
CHEMBL1289523,CHEMBL1289523,CC(C)S(=O)(=O)N[C@@H]1COC[C@@H]1c1ccc(-c2ccsc2)cc1,,6.4,1,6.4,6.4,EC50,B,single protein format,single_protein,9,D,2010,
CHEMBL1289960,CHEMBL1289960,CC(C)S(=O)(=O)N[C@H]1CN(C)C[C@@H]1c1ccc(-c2cccc(NS(C)(=O)=O)c2)cc1,,6.52,1,6.52,6.52,EC50,B,single protein format,single_protein,9,D,2010,
CHEMBL13378,CHEMBL13378,Cc1onc(O)c1CC(N)C(=O)O,"(R,S)-AMPA",7.77,1,7.77,7.77,Ki,B,cell-based format,cell_based,8,H,2003,
CHEMBL154535,CHEMBL154535,O=C(O)C1NCCc2c(O)noc21,,6.97,1,6.97,6.97,Ki,B,single protein format,single_protein,8,H,2010,
CHEMBL1642150,CHEMBL1642150,NC(=O)c1c(NC(=O)Cn2cc(CO)c(C(F)(F)F)n2)sc2c1CCCC2,,6.4,1,6.4,6.4,EC50,B,single protein format,single_protein,8,H,2011,
CHEMBL1642155,CHEMBL1642155,CC(C)S(=O)(=O)N[C@H]1Cc2ccc(Cn3nc(C(F)(F)F)cc3C(F)(F)F)cc2C1,,7.0,1,7.0,7.0,EC50,B,single protein format,single_protein,8,H,2011,
CHEMBL1642160,CHEMBL1642160,CC(C)S(=O)(=O)N[C@H]1Cc2ccc(Cn3cc(CO)c(C(F)(F)F)c3)cc2C1,,6.1,1,6.1,6.1,EC50,B,single protein format,single_protein,8,H,2011,
CHEMBL1642161,CHEMBL1642161,CC(C)S(=O)(=O)N[C@@H]1Cc2ccc(Cn3cc(CO)c(C(F)(F)F)n3)cc2C1,,6.4,1,6.4,6.4,EC50,B,single protein format,single_protein,8,H,2011,
CHEMBL1642165,CHEMBL1642165,CN(C)S(=O)(=O)N[C@@H]1Cc2ccc(Cn3cc(CO)c(C(F)(F)F)n3)cc2C1,,6.0,1,6.0,6.0,EC50,B,single protein format,single_protein,8,H,2011,
CHEMBL1642166,CHEMBL1642166,CCS(=O)(=O)N[C@H]1Cc2ccc(Cn3cc(CO)c(C(F)(F)F)n3)cc2C1,,6.4,1,6.4,6.4,EC50,B,single protein format,single_protein,8,H,2011,
CHEMBL1642168,CHEMBL1642168,CC(C)S(=O)(=O)NC1CCc2cc(Cn3cc(CO)c(C(F)(F)F)n3)ccc21,,7.0,1,7.0,7.0,EC50,B,single protein format,single_protein,8,H,2011,
CHEMBL1642169,CHEMBL1642169,O=S(=O)(NC1CCc2cc(Cn3cc(CO)c(C(F)(F)F)n3)ccc21)C1CC1,,6.8,1,6.8,6.8,EC50,B,single protein format,single_protein,8,H,2011,
CHEMBL1642170,CHEMBL1642170,CS(=O)(=O)NC1CCc2cc(Cn3cc(CO)c(C(F)(F)F)n3)ccc21,,6.3,1,6.3,6.3,EC50,B,single protein format,single_protein,8,H,2011,
CHEMBL1649670,CHEMBL1649670,O=C1CCCN1Cc1ccc(-n2nc(C(F)(F)F)c3c2CCCC3)cc1,,6.0,1,6.0,6.0,EC50,B,cell-based format,cell_based,9,D,2011,
CHEMBL1649674,CHEMBL1649674,O=C1CCCN1Cc1ccc(-n2nc(C(F)(F)F)c3c2CCCC3)cc1F,,6.0,1,6.0,6.0,EC50,B,cell-based format,cell_based,9,D,2011,
CHEMBL2092841,CHEMBL2092841,O=C(O)C1Cc2c(O)noc2CN1,,6.31,1,6.31,6.31,Ki,B,single protein format,single_protein,8,H,2010,
CHEMBL213197,CHEMBL213197,CSc1sc(C(=O)O)c(-c2ccc(C(C)(C)C)cc2)c1C#N,,6.76,2,6.51,7.01,EC50,F,cell-based format,cell_based,9,D,2006,
CHEMBL214599,CHEMBL214599,CCc1c(C#N)c(-c2ccc(-c3ccc(F)cc3)cc2)c(C(=O)O)n1C,,6.46,1,6.46,6.46,EC50,F,cell-based format,cell_based,9,D,2006,
CHEMBL214804,CHEMBL214804,CCc1c(C#N)c(-c2ccc(-c3cccc(C#N)c3)cc2)c(C(=O)O)n1C,,6.205,2,6.01,6.4,EC50,F,cell-based format,cell_based,9,D,2006,
CHEMBL214833,CHEMBL214833,CCc1sc(C(=O)O)c(-c2ccc(C(C)(C)C)cc2)c1C#N,,7.0,2,6.67,7.33,EC50,F,cell-based format,cell_based,9,D,2006,
CHEMBL214834,CHEMBL214834,CC(C)(C)c1ccc(-c2c(C(=O)O)sc(C(F)(F)F)c2C#N)cc1,,6.875,2,6.64,7.11,EC50,F,cell-based format,cell_based,9,D,2006,
CHEMBL214844,CHEMBL214844,CCc1c(C#N)c(-c2ccc(-c3ccc(C)cc3)cc2)c(C(=O)O)n1C,,6.38,1,6.38,6.38,EC50,F,cell-based format,cell_based,9,D,2006,
CHEMBL214903,CHEMBL214903,CCc1c(C#N)c(-c2ccc(-c3ccccc3C)cc2)c(C(=O)O)n1C,,6.285,2,6.0,6.57,EC50,F,cell-based format,cell_based,9,D,2006,
CHEMBL215013,CHEMBL215013,CCc1c(C#N)c(-c2ccc(-c3ccccc3OC)cc2)c(C(=O)O)n1C,,6.295,2,6.04,6.55,EC50,F,cell-based format,cell_based,9,D,2006,
CHEMBL215090,CHEMBL215090,CCc1c(C#N)c(-c2ccc(-c3ccccc3SC)cc2)c(C(=O)O)n1C,,7.37,2,7.24,7.5,EC50,F,cell-based format,cell_based,9,D,2006,
CHEMBL215255,CHEMBL215255,CCc1c(C#N)c(-c2ccc(-c3cccc(OC)c3)cc2)c(C(=O)O)n1C,,6.220000000000001,2,6.03,6.41,EC50,F,cell-based format,cell_based,9,D,2006,
CHEMBL215272,CHEMBL215272,Cc1c(C#N)c(-c2ccc(-c3ccccc3)cc2)c(C(=O)O)n1C,,6.46,2,6.41,6.51,EC50,F,cell-based format,cell_based,9,D,2006,
CHEMBL215574,CHEMBL215574,CCc1c(C#N)c(-c2ccc(-c3cccc(F)c3)cc2)c(C(=O)O)n1C,,6.37,1,6.37,6.37,EC50,F,cell-based format,cell_based,9,D,2006,
CHEMBL215575,CHEMBL215575,CCc1c(C#N)c(-c2ccc(-c3ccccc3F)cc2)c(C(=O)O)n1C,,6.9,2,6.84,6.96,EC50,F,cell-based format,cell_based,9,D,2006,
CHEMBL215877,CHEMBL215877,CCc1c(C#N)c(-c2ccc(-c3cccc(C)c3)cc2)c(C(=O)O)n1C,,6.01,1,6.01,6.01,EC50,F,cell-based format,cell_based,9,D,2006,
CHEMBL217074,CHEMBL217074,CCc1c(C#N)c(-c2ccc(-c3cccc(Cl)c3)cc2)c(C(=O)O)n1C,,6.390000000000001,2,6.05,6.73,EC50,F,cell-based format,cell_based,9,D,2006,
CHEMBL217111,CHEMBL217111,CC(C)(C)c1ccc(-c2c(C(=O)O)sc(S(C)(=O)=O)c2C#N)cc1,,6.48,1,6.48,6.48,EC50,F,cell-based format,cell_based,9,D,2006,
CHEMBL218347,CHEMBL218347,CN(C)c1sc(C(=O)O)c(-c2ccc(C(C)(C)C)cc2)c1C#N,,6.75,1,6.75,6.75,EC50,F,cell-based format,cell_based,9,D,2006,
CHEMBL222519,CHEMBL222519,NS(=O)(=O)c1cccc2c1c([N+](=O)[O-])cc1nc(O)c(O)nc12,NBQX,6.63,2,6.58,6.68,Ki,B,cell-based format;single protein format,mixed,8;9,D;H,2002;2005,
CHEMBL2441067,CHEMBL2441067,O=S1(=O)NCN(C2CC2)c2ccc(F)cc21,,6.09,3,6.09,6.46,EC50;Kd,B,cell-based format;single protein format,mixed,9,D,2014;2018,
CHEMBL276815,CHEMBL276815,Cc1onc(O)c1C[C@H](N)C(=O)O,(S)-AMPA,7.375,2,6.97,7.78,Ki,B,cell-based format,cell_based,8;9,D;H,1997;2005,
CHEMBL3088070,CHEMBL3139334,O=C(O)[C@@H]1C[C@H]2C[C@@H](Oc3cc(-c4ccc(Cl)cc4)ccc3-c3nnn[nH]3)CC[C@H]2CN1,,8.52,1,8.52,8.52,Ki,B,single protein format,single_protein,9,D,2013,
CHEMBL3088060,CHEMBL3139412,O=C(O)[C@@H]1C[C@H]2C[C@@H](Oc3ccc(Cl)cc3-c3nnn[nH]3)CC[C@H]2CN1,,6.4,1,6.4,6.4,Ki,B,single protein format,single_protein,9,D,2013,
CHEMBL331644,CHEMBL331644,N[C@@H](Cn1nc(Br)c(=O)[nH]c1=O)C(=O)O,,7.71,1,7.71,7.71,Ki,B,cell-based format,cell_based,9,D,1997,
CHEMBL331696,CHEMBL331696,N[C@@H](Cn1nc(Cl)c(=O)[nH]c1=O)C(=O)O,,7.78,1,7.78,7.78,Ki,B,cell-based format,cell_based,9,D,1997,
CHEMBL333964,CHEMBL333964,N[C@@H](Cn1cc(Br)c(=O)[nH]c1=O)C(=O)O,,7.0,1,7.0,7.0,Ki,B,cell-based format,cell_based,9,D,1997,
CHEMBL370038,CHEMBL370038,Cn1nnc(-c2onc(O)c2C[C@H](N)C(=O)O)n1,,8.41,1,8.41,8.41,Ki,B,cell-based format,cell_based,8,H,2005,
CHEMBL370941,CHEMBL370941,CCn1nnc(-c2onc(O)c2CC(N)C(=O)O)n1,,7.1,1,7.1,7.1,Ki,B,cell-based format,cell_based,8,H,2005,
CHEMBL3797925,CHEMBL3797925,CCN(Cc1cc(=O)n2c(CCO)c(C)sc2n1)c1ccc(F)cc1,,6.24,1,6.24,6.24,EC50,B,cell-based format,cell_based,9,D,2016,
CHEMBL3799657,CHEMBL3799657,CCN(Cc1cc(=O)n2c([C@@H]3C[C@H]3CO)c(C)sc2n1)c1ccc(F)cc1,,6.375,2,6.06,6.69,EC50,B,cell-based format,cell_based,9,D,2016,
CHEMBL3799732,CHEMBL3799732,CCN(Cc1cc(=O)n2cc(C)sc2n1)c1ccc(F)cc1,,6.605,2,6.6,6.61,EC50,B,cell-based format,cell_based,9,D,2016,
CHEMBL3799878,CHEMBL3799878,Cc1sc2nc(Cn3nc(C(F)(F)F)cc3Cl)cc(=O)n2c1[C@@H]1C[C@H]1C#N,,6.645,2,6.15,7.14,EC50,B,cell-based format,cell_based,9,D,2016,
CHEMBL3800085,CHEMBL3800085,CCN(Cc1cc(=O)n2c(-c3cncnc3)c(C)sc2n1)c1ccc(F)cc1,,6.01,1,6.01,6.01,EC50,B,cell-based format,cell_based,9,D,2016,
CHEMBL3800532,CHEMBL3800532,CCN(Cc1cc(=O)n2nc(C)sc2n1)c1ccc(F)cc1,,6.08,1,6.08,6.08,EC50,B,cell-based format,cell_based,9,D,2016,
CHEMBL3800556,CHEMBL3800556,Cc1sc2nc(Cn3nc(C(F)(F)F)cc3Cl)cc(=O)n2c1[C@@H]1C[C@H]1CO,,7.07,2,6.82,7.32,EC50,B,cell-based format,cell_based,9,D,2016,
CHEMBL3800605,CHEMBL3800605,Cc1sc2nc(Cc3cccc(C(F)(F)F)c3F)cc(=O)n2c1C1CC1CO,,6.45,1,6.45,6.45,EC50,B,cell-based format,cell_based,9,D,2016,
CHEMBL384010,CHEMBL384010,CSc1c(C#N)c(-c2ccc(C(C)(C)C)cc2)c(C(=O)O)n1C,,6.175,2,6.17,6.18,EC50,F,cell-based format,cell_based,9,D,2006,
CHEMBL384271,CHEMBL384271,CCOc1ccccc1-c1ccc(-c2c(C#N)c(CC)n(C)c2C(=O)O)cc1,,7.26,2,7.08,7.44,EC50,F,cell-based format,cell_based,9,D,2006,
CHEMBL384402,CHEMBL384402,CCc1c(C#N)c(-c2ccc(-c3ccccc3Cl)cc2)c(C(=O)O)n1C,,7.32,2,7.26,7.38,EC50,F,cell-based format,cell_based,9,D,2006,
CHEMBL384847,CHEMBL384847,CCc1c(C#N)c(-c2ccc(-c3ccccc3C#N)cc2)c(C(=O)O)n1C,,7.115,2,7.09,7.14,EC50,F,cell-based format,cell_based,9,D,2006,
CHEMBL384953,CHEMBL384953,CCc1c(C#N)c(-c2ccc(-c3ccc(C#N)cc3)cc2)c(C(=O)O)n1C,,6.4,2,6.37,6.43,EC50,F,cell-based format,cell_based,9,D,2006,
CHEMBL385220,CHEMBL385220,CSc1c(C#N)c(-c2ccc(-c3ccccc3)cc2)c(C(=O)O)n1C,,6.54,2,6.32,6.76,EC50,F,cell-based format,cell_based,9,D,2006,
CHEMBL385384,CHEMBL385384,CCc1c(C#N)c(-c2ccc(-c3ccc(OC)cc3)cc2)c(C(=O)O)n1C,,6.4,2,6.37,6.43,EC50,F,cell-based format,cell_based,9,D,2006,
CHEMBL385608,CHEMBL385608,CCc1c(C#N)c(-c2ccc(-c3ccccc3)cc2)c(C(=O)O)n1C,,6.695,2,6.4,6.99,EC50,F,cell-based format,cell_based,9,D,2006,
CHEMBL385652,CHEMBL385652,CCc1c(C#N)c(-c2ccc(-c3ccc(Cl)cc3)cc2)c(C(=O)O)n1C,,6.43,2,6.01,6.85,EC50,F,cell-based format,cell_based,9,D,2006,
CHEMBL402444,CHEMBL402444,N[C@H](Cc1nsnc1O)C(=O)O,,6.455,2,6.28,6.63,Ki,B,cell-based format,cell_based,8,H,2008,
CHEMBL4060993,CHEMBL4060993,COc1cccc(Oc2ccc3c(c2)S(=O)(=O)NCN3C)c1,,6.43,2,6.43,6.43,EC50,B,cell-based format,cell_based,9,D,2018,
CHEMBL4062524,CHEMBL4062524,Cc1cccc(Oc2ccc3c(c2)S(=O)(=O)NCN3C2CC2)c1,,7.32,2,7.3,7.34,EC50,B,cell-based format,cell_based,9,D,2018,
CHEMBL4066717,CHEMBL4066717,N#Cc1cccc(Oc2ccc3c(c2)S(=O)(=O)NCN3C2CC2)c1,,6.345,2,6.34,6.35,EC50,B,cell-based format,cell_based,9,D,2018,
CHEMBL4070694,CHEMBL4070694,Cc1cccc(Oc2ccc3c(c2)S(=O)(=O)NCN3C)c1,,6.41,2,6.41,6.41,EC50,B,cell-based format,cell_based,9,D,2018,
CHEMBL4083809,CHEMBL4083809,Cc1ccc(Oc2ccc3c(c2)S(=O)(=O)NCN3C)cc1,,6.02,2,6.02,6.02,EC50,B,cell-based format,cell_based,9,D,2018,
CHEMBL4091984,CHEMBL4091984,COc1cccc(Oc2ccc3c(c2)S(=O)(=O)NCN3C2CC2)c1,,8.7,2,8.7,8.7,EC50,B,cell-based format,cell_based,9,D,2018,
CHEMBL4100668,CHEMBL4100668,O=S1(=O)NCN(C2CC2)c2ccc(Oc3ccccc3)cc21,,6.15,2,6.15,6.15,EC50,B,cell-based format,cell_based,9,D,2018,
CHEMBL4202524,CHEMBL4202524,CN1CNS(=O)(=O)c2ccc(CCc3ccc4c(c3)N(C)CNS4(=O)=O)cc21,,7.855,2,7.84,7.87,EC50,B,cell-based format,cell_based,9,D,2018,
CHEMBL4218628,CHEMBL4218628,O=S1(=O)NCN(C2CC2)c2cc(CCc3ccc4c(c3)N(C3CC3)CNS4(=O)=O)ccc21,,8.875,2,8.85,8.9,EC50,B,cell-based format,cell_based,9,D,2018,
CHEMBL429594,CHEMBL429594,N[C@@H](Cc1nsnc1O)C(=O)O,,6.525,2,6.49,6.56,Ki,B,cell-based format,cell_based,8,H,2008,
CHEMBL435582,CHEMBL435582,CC(CNS(=O)(=O)C(C)C)c1ccc(-c2ccc(C#N)cc2)cc1,,6.535,2,6.25,6.82,EC50,F,assay format;cell-based format,cell_based,8;9,D;H,2006;2010,
CHEMBL506543,CHEMBL506543,[N-]=[N+]=Nc1cc2[nH]c(=O)c(=O)[nH]c2cc1[N+](=O)[O-],,6.0,1,6.0,6.0,IC50,B,single protein format,single_protein,8,H,2008,
CHEMBL5171984,CHEMBL5171984,N#C[C@H]1C[C@H]1c1c(C(F)(F)F)sc2nc(Cn3nc(C(F)(F)F)cc3Cl)cc(=O)n12,,6.06,1,6.06,6.06,IC50,B,single protein format,single_protein,9,D,2022,
CHEMBL5180445,CHEMBL5180445,N#C[C@H]1C[C@H]1c1c(Cl)ccc2nc(Cn3nc(C(F)(F)F)cc3Cl)cc(=O)n12,,6.42,1,6.42,6.42,IC50,B,single protein format,single_protein,9,D,2022,
CHEMBL5197314,CHEMBL5197314,CCN(Cc1cc2c(=O)n(CCC#N)ccc2s1)c1ccc(F)cc1,,6.21,1,6.21,6.21,IC50,B,cell-based format,cell_based,9,D,2022,
CHEMBL5199303,CHEMBL5199303,CCN(Cc1cc2cc(C)n(CCC#N)c(=O)c2s1)c1ccc(F)cc1,,6.21,1,6.21,6.21,IC50,B,cell-based format,cell_based,9,D,2022,
CHEMBL5270224,CHEMBL5270224,CCN(Cc1ccn(CC2CC2)c(=O)c1)c1ccc(F)cc1,,6.12,1,6.12,6.12,IC50,B,single protein format,single_protein,9,D,2023,
CHEMBL575060,CHEMBL575060,N[C@@H](CCC(=O)O)C(=O)O,GLUTAMIC ACID,6.03,1,6.03,6.03,Ki,B,cell-based format,cell_based,9,D,1997,3
CHEMBL63417,CHEMBL63417,CC(C)S(=O)(=O)N[C@@H]1CCC[C@@H]1c1ccc(Br)cc1,,6.28,1,6.28,6.28,EC50,F,assay format,other,8,H,2010,
CHEMBL72366,CHEMBL72366,NC(Cc1onc(O)c1Cl)C(=O)O,,6.43,1,6.43,6.43,Ki,B,cell-based format,cell_based,8,H,2003,
CHEMBL73698,CHEMBL73698,NC(Cc1onc(O)c1Br)C(=O)O,,6.6,1,6.6,6.6,Ki,B,cell-based format,cell_based,8,H,2003,
