molecule_chembl_id,parent_molecule_chembl_id,canonical_smiles,pref_name,pchembl_median,pchembl_n,pchembl_min,pchembl_max,standard_types,assay_types,bao_labels,evidence_level,assay_confidence_scores,assay_relationship_types,document_years,max_phase,mw,clogp,tpsa,hbd,hba,rotb,n_rings,n_arom_rings,fsp3,qed
CHEMBL3407558,CHEMBL3407558,COc1cc(NC(=O)C[C@@]2(C)C[C@H](c3cccc(Cl)c3)[C@@H](c3ccc(Cl)cc3)N([C@H](CS(=O)(=O)C(C)(C)C)C3CC3)C2=O)ccc1C(=O)O,,10.3,1,10.3,10.3,IC50,B,single protein format,single_protein,9,D,2015,,729.7229999999998,7.7844000000000095,130.07999999999998,2,6,11,5,3,0.43243243243243246,0.20622684832664534
CHEMBL3125537,CHEMBL3125537,CC(C)(C)S(=O)(=O)C[C@H](C1CC1)N1C(=O)[C@@](C)(CC(=O)O)C[C@H](c2cccc(Cl)c2)[C@H]1c1ccc(Cl)cc1,,10.02,1,10.02,10.02,IC50,B,single protein format,single_protein,9,D,2015,,580.5740000000002,6.523500000000007,91.75000000000001,1,4,8,4,2,0.5172413793103449,0.3838206249055823
CHEMBL3407554,CHEMBL3407554,CC(C)(C)S(=O)(=O)C[C@H](C1CC1)N1C(=O)[C@@](C)(CC(=O)O)C[C@H](c2cccc(Cl)c2)[C@H]1c1ccc(Cl)c(F)c1,,9.99,1,9.99,9.99,IC50,B,single protein format,single_protein,9,D,2015,,598.5640000000002,6.662600000000007,91.75000000000001,1,4,8,4,2,0.5172413793103449,0.3669799064804495
CHEMBL3407575,CHEMBL3407575,COc1cc(NC(=O)C[C@@]2(C)C[C@H](c3cccc(Cl)c3)[C@@H](c3ccc(Cl)c(F)c3)N([C@H](CS(=O)(=O)C(C)(C)C)C3CC3)C2=O)ccc1C(=O)O,,9.48,1,9.48,9.48,IC50,B,single protein format,single_protein,9,D,2015,,747.7129999999999,7.923500000000009,130.07999999999998,2,6,11,5,3,0.43243243243243246,0.2039224813276371
CHEMBL3236364,CHEMBL3236364,CC(C)(C)S(=O)(=O)C[C@H](C1CC1)N1C(=O)[C@@](C)(CC(N)=O)C[C@H](c2cccc(Cl)c2)[C@H]1c1ccc(Cl)cc1,,8.74,1,8.74,8.74,IC50,B,single protein format,single_protein,9,D,2015,,579.5900000000003,5.924200000000005,97.53999999999999,1,4,8,4,2,0.5172413793103449,0.41969715234237304
CHEMBL163,CHEMBL163,CC(C)c1nc(CN(C)C(=O)N[C@H](C(=O)N[C@@H](Cc2ccccc2)C[C@H](O)[C@H](Cc2ccccc2)NC(=O)OCc2cncs2)C(C)C)cs1,RITONAVIR,7.8,1,7.8,7.8,IC50,B,cell-based format,cell_based,8,H,,4,720.9620000000001,5.905200000000005,145.77999999999997,4,9,17,4,4,0.43243243243243246,0.10624046585910331
CHEMBL1471,CHEMBL1471,C[C@@H](O[C@H]1OCCN(Cc2n[nH]c(=O)[nH]2)[C@H]1c1ccc(F)cc1)c1cc(C(F)(F)F)cc(C(F)(F)F)c1,APREPITANT,7.7,1,7.7,7.7,IC50,B,single protein format,single_protein,9,D,2017,4,534.4320000000001,4.952100000000003,83.24000000000001,2,5,6,4,3,0.391304347826087,0.4376253118047192
CHEMBL157101,CHEMBL157101,CC(=O)N1CCN(c2ccc(OCC3COC(Cn4ccnc4)(c4ccc(Cl)cc4Cl)O3)cc2)CC1,KETOCONAZOLE,7.3100000000000005,4,6.3,7.92,IC50,B,assay format;cell-based format;single protein format;tissue-based format,mixed,8,H,2015,4,531.4399999999999,4.205800000000003,69.06,0,6,7,5,3,0.38461538461538464,0.45541449702144693
CHEMBL808,CHEMBL808,Clc1ccc(COC(Cn2ccnc2)c2ccc(Cl)cc2Cl)cc1,ECONAZOLE,7.3,1,7.3,7.3,IC50,B,cell-based format,cell_based,8,H,,4,381.69000000000005,5.801400000000003,27.05,0,2,6,3,3,0.16666666666666666,0.5391871956552778
CHEMBL104,CHEMBL104,Clc1ccccc1C(c1ccccc1)(c1ccccc1)n1ccnc1,CLOTRIMAZOLE,7.16,2,6.52,7.8,IC50,B,cell-based format;single protein format,mixed,8,H,2015,4,344.845,5.376700000000004,17.82,0,1,4,4,4,0.045454545454545456,0.4545449847420715
CHEMBL1221,CHEMBL1221,Clc1ccc(CSC(Cn2ccnc2)c2ccc(Cl)cc2Cl)cc1,SULCONAZOLE,7.16,1,7.16,7.16,IC50,B,cell-based format,cell_based,8,H,,4,397.75800000000015,6.518000000000003,17.82,0,2,6,3,3,0.16666666666666666,0.4710605975806781
CHEMBL1262,CHEMBL1262,Clc1ccc(CO/N=C(\Cn2ccnc2)c2ccc(Cl)cc2Cl)c(Cl)c1,OXICONAZOLE,7.05,1,7.05,7.05,IC50,B,cell-based format,cell_based,8,H,,4,429.1340000000001,6.117800000000003,39.41,0,3,6,3,3,0.1111111111111111,0.350148407155942
CHEMBL1437764,CHEMBL1437764,CC(C)(C)C(=O)C(Oc1ccc(Cl)cc1)n1ccnc1,CLIMBAZOLE,7.0,1,7.0,7.0,IC50,B,tissue-based format,other,8,H,2015,2,292.766,3.729300000000002,44.120000000000005,0,3,4,2,2,0.3333333333333333,0.8622594770545061
CHEMBL91,CHEMBL91,Clc1ccc(COC(Cn2ccnc2)c2ccc(Cl)cc2Cl)c(Cl)c1,MICONAZOLE,7.0,1,7.0,7.0,IC50,B,cell-based format,cell_based,8,H,,4,416.1350000000001,6.454800000000002,27.05,0,2,6,3,3,0.16666666666666666,0.4616906207935435
CHEMBL5785788,CHEMBL5785788,CC(C(c1ccc(Nc2nc3ccccc3s2)cc1)n1ccnc1)N(C)C,,6.92,1,6.92,6.92,IC50,B,assay format,other,9,D,2018,,377.51700000000005,4.775900000000004,45.980000000000004,1,5,6,4,4,0.23809523809523808,0.525393045067477
CHEMBL1201375,CHEMBL1201375,CC1(C)CCSc2ccc(C#Cc3ccc(C(=O)O)cn3)cc21,TAZAROTENIC ACID,6.85,1,6.85,6.85,IC50,B,assay format,other,9,D,2018,-1,323.41700000000003,3.953000000000003,50.19,1,3,1,3,2,0.2631578947368421,0.8073380322165914
CHEMBL5084749,CHEMBL5084749,COc1cc(NC(=O)c2cc(=O)c3ccccc3o2)c(-c2nnn(-c3ccc(CCN4CCn5cncc5C4)cc3)n2)cc1OC,,6.83,1,6.83,6.83,IC50,B,microsome format,other,9,D,2022,,618.6540000000002,3.9600000000000026,142.42999999999998,1,10,9,7,6,0.21212121212121213,0.253018359213615
CHEMBL3672580,CHEMBL3672580,CC(C)c1nc(CN(C)C(=O)N2C[C@H](N3CCOCC3)C[C@H]2C(=O)N[C@@H](CC[C@@H](Cc2ccccc2)NC(=O)OCc2cncs2)Cc2ccccc2)cs1,,6.82,1,6.82,6.82,IC50,B,assay format,other,9,D,2015,,788.0530000000001,6.095300000000007,129.23000000000002,2,10,16,6,4,0.4878048780487805,0.13965862548712296
CHEMBL3672583,CHEMBL3672583,CC(C)c1nc(CN(C)C(=O)N2CCC[C@@H]2C(=O)N[C@H](CC[C@H](Cc2ccccc2)NC(=O)OCc2cncs2)Cc2ccccc2)cs1,,6.779999999999999,2,6.6,6.96,IC50,B,assay format,other,9,D,2015,,702.9470000000002,6.784600000000006,116.76000000000002,2,8,15,5,4,0.43243243243243246,0.14109750381449107
CHEMBL3672582,CHEMBL3672582,CC(C)c1nc(CN(C)C(=O)N2CCC[C@H]2C(=O)N[C@H](CC[C@H](Cc2ccccc2)NC(=O)OCc2cncs2)Cc2ccccc2)cs1,,6.734999999999999,2,6.58,6.89,IC50,B,assay format,other,9,D,2015,,702.9470000000002,6.784600000000006,116.76000000000002,2,8,15,5,4,0.43243243243243246,0.14109750381449107
CHEMBL3672574,CHEMBL3672574,CC(C)c1nc(CN(C)C(=O)N2C[C@H](O)C[C@H]2C(=O)N[C@@H](CC[C@@H](Cc2ccccc2)NC(=O)OCc2cncs2)Cc2ccccc2)cs1,,6.72,2,6.52,6.92,IC50,B,assay format,other,9,D,2015,,718.9460000000003,5.755400000000006,136.99,3,9,15,5,4,0.43243243243243246,0.14235023471052896
CHEMBL3672572,CHEMBL3672572,CC(C)c1nc(CN(C)C(=O)N2C[C@H](O)C[C@H]2C(=O)N[C@H](CC[C@H](Cc2ccccc2)NC(=O)OCc2cncs2)Cc2ccccc2)cs1,,6.72,2,6.64,6.8,IC50,B,assay format,other,9,D,2015,,718.9460000000003,5.755400000000006,136.99,3,9,15,5,4,0.43243243243243246,0.14235023471052896
CHEMBL6010382,CHEMBL6010382,CNC[C@@H](c1ccc(Cl)c(Cl)c1)[C@@H](OC)c1cccc(NS(=O)(=O)C(F)(F)F)c1,,6.7,1,6.7,6.7,IC50,B,assay format,other,9,D,2018,,471.3280000000001,4.945600000000002,67.43,2,4,8,2,2,0.3333333333333333,0.572336449305414
CHEMBL3672573,CHEMBL3672573,CC(C)c1nc(CN(C)C(=O)N2C[C@@H](O)C[C@H]2C(=O)N[C@H](CC[C@H](Cc2ccccc2)NC(=O)OCc2cncs2)Cc2ccccc2)cs1,,6.695,2,6.62,6.77,IC50,B,assay format,other,9,D,2015,,718.9460000000003,5.755400000000006,136.99,3,9,15,5,4,0.43243243243243246,0.14235023471052896
CHEMBL3672579,CHEMBL3672579,CC(C)c1nc(CN(C)C(=O)N2C[C@@H](N3CCOCC3)C[C@H]2C(=O)N[C@H](CC[C@H](Cc2ccccc2)NC(=O)OCc2cncs2)Cc2ccccc2)cs1,,6.6899999999999995,2,6.46,6.92,IC50,B,assay format,other,9,D,2015,,788.0530000000001,6.095300000000007,129.23000000000002,2,10,16,6,4,0.4878048780487805,0.13965862548712296
CHEMBL3672576,CHEMBL3672576,CC(C)c1nc(CN(C)C(=O)N2CS(=O)(=O)C[C@H]2C(=O)N[C@H](CC[C@H](Cc2ccccc2)NC(=O)OCc2cncs2)Cc2ccccc2)cs1,,6.6899999999999995,2,6.58,6.8,IC50,B,assay format,other,9,D,2015,,752.9850000000001,5.376700000000006,150.89999999999998,2,10,15,5,4,0.4166666666666667,0.1645199166265441
CHEMBL3639714,CHEMBL3639714,CC(C)c1nc(CN(C)C(=O)N2CCN(C)C[C@H]2C(=O)N[C@H](CC[C@H](Cc2ccccc2)NC(=O)OCc2cncs2)Cc2ccccc2)cs1,,6.685,2,6.52,6.85,IC50,B,assay format,other,9,D,2015,,731.9890000000001,5.936200000000006,120.0,2,9,15,5,4,0.4473684210526316,0.1555190454687371
CHEMBL3645217,CHEMBL3645217,O=C(O)CCC(=O)Nc1ccc(-c2c(O)ccc3cc(-c4cccc(O)c4)ccc23)cc1,,6.66,1,6.66,6.66,IC50,B,single protein format,single_protein,9,D,2013,,427.45600000000013,5.388300000000005,106.86,4,4,6,4,4,0.07692307692307693,0.3301158868899369
CHEMBL3672587,CHEMBL3672587,CC(C)c1nc(CN(C)C(=O)N2C[C@@H](N(C)C)C[C@H]2C(=O)N[C@H](CC[C@H](Cc2ccccc2)NC(=O)OCc2cncs2)Cc2ccccc2)cs1,,6.65,2,6.48,6.82,IC50,B,assay format,other,9,D,2015,,746.0160000000001,6.324700000000007,120.0,2,9,16,5,4,0.46153846153846156,0.13776842692049593
CHEMBL3672585,CHEMBL3672585,CC(C)c1nc(CN(C)C(=O)NC2(C(=O)N[C@H](CC[C@H](Cc3ccccc3)NC(=O)OCc3cncs3)Cc3ccccc3)CCNCC2)cs1,,6.645,2,6.47,6.82,IC50,B,assay format,other,9,D,2015,,731.9889999999999,6.032000000000005,137.58,4,9,16,5,4,0.4473684210526316,0.11048279304744396
CHEMBL5982654,CHEMBL5982654,CNC[C@H](c1ccc(Cl)c(Cl)c1)[C@H](O)c1cncc(OC)c1,,6.62,1,6.62,6.62,IC50,B,assay format,other,9,D,2018,,341.23800000000006,3.433600000000002,54.379999999999995,2,4,6,2,2,0.3125,0.8452403789524652
CHEMBL2103760,CHEMBL2103760,CC[C@]1(C)C[C@@H](OC(=O)CSc2nnc(N)[nH]2)[C@]2(C)[C@H](C)CC[C@]3(CCC(=O)[C@H]32)[C@@H](C)[C@@H]1O,AZAMULIN,6.62,1,6.62,6.62,IC50,B,microsome format,other,9,D,2021,2,478.65900000000033,3.609500000000003,131.18999999999997,3,8,5,4,1,0.8333333333333334,0.4319663090905572
CHEMBL3672578,CHEMBL3672578,CC(C)c1nc(CN(C)C(=O)N2C[C@@H](N)C[C@H]2C(=O)N[C@H](CC[C@H](Cc2ccccc2)NC(=O)OCc2cncs2)Cc2ccccc2)cs1,,6.615,2,6.51,6.72,IC50,B,assay format,other,9,D,2015,,717.9620000000002,5.721800000000006,142.77999999999997,3,9,15,5,4,0.43243243243243246,0.14280627456891976
CHEMBL3672575,CHEMBL3672575,CC(C)c1nc(CN(C)C(=O)N2CSC[C@H]2C(=O)N[C@H](CC[C@H](Cc2ccccc2)NC(=O)OCc2cncs2)Cc2ccccc2)cs1,,6.609999999999999,2,6.52,6.7,IC50,B,assay format,other,9,D,2015,,720.9870000000002,6.695100000000007,116.76000000000002,2,9,15,5,4,0.4166666666666667,0.14056459984710432
CHEMBL3672586,CHEMBL3672586,CN[C@H]1C[C@@H](C(=O)N[C@H](CC[C@H](Cc2ccccc2)NC(=O)OCc2cncs2)Cc2ccccc2)N(C(=O)N(C)Cc2csc(C(C)C)n2)C1,,6.605,2,6.44,6.77,IC50,B,assay format,other,9,D,2015,,731.9889999999998,5.982500000000007,128.79,3,9,16,5,4,0.4473684210526316,0.12938530562582665
CHEMBL3672577,CHEMBL3672577,CC(C)c1nc(CN(C)C(=O)NC2(C(=O)N[C@H](CC[C@H](Cc3ccccc3)NC(=O)OCc3cncs3)Cc3ccccc3)CCN(C)CC2)cs1,,6.595,2,6.47,6.72,IC50,B,assay format,other,9,D,2015,,746.0159999999998,6.374200000000007,128.79000000000002,3,9,16,5,4,0.46153846153846156,0.12160587785406309
CHEMBL3672584,CHEMBL3672584,CC(C)c1nc(CN(C)C(=O)N2Cc3nc[nH]c3C[C@H]2C(=O)N[C@H](CC[C@H](Cc2ccccc2)NC(=O)OCc2cncs2)Cc2ccccc2)cs1,,6.574999999999999,2,6.43,6.72,IC50,B,assay format,other,9,D,2015,,754.9830000000001,6.4702000000000055,145.44,3,9,15,6,5,0.38461538461538464,0.11114565057006573
CHEMBL5943423,CHEMBL5943423,CNC[C@H](c1ccc(Cl)c(Cl)c1)[C@@H](O)c1cccnc1OC,,6.57,1,6.57,6.57,IC50,B,assay format,other,9,D,2018,,341.23800000000006,3.433600000000002,54.379999999999995,2,4,6,2,2,0.3125,0.8452403789524652
CHEMBL5094781,CHEMBL5094781,COc1cc(NC(=O)c2cc(=O)c3ccccc3o2)c(-c2nnn(-c3ccc(CCN4CCc5cc(-n6ccnc6)ccc5C4)cc3)n2)cc1OC,,6.52,1,6.52,6.52,IC50,B,microsome format,other,9,D,2022,,694.7520000000002,5.491700000000005,142.42999999999998,1,10,10,8,7,0.1794871794871795,0.1953168587362596
CHEMBL3967139,CHEMBL3967139,Cc1ccc(-n2nccn2)c(C(=O)N2CCOC[C@H]2Cc2cccc(-c3ccncc3)c2)c1,,6.52,1,6.52,6.52,IC50,B,tissue-based format,other,8,H,2015,,439.5190000000001,3.721420000000003,73.14,0,5,5,5,4,0.23076923076923078,0.47390628937294926
CHEMBL1729,CHEMBL1729,COc1cc(N)c(Cl)cc1C(=O)NC1CCN(CCCOc2ccc(F)cc2)CC1OC,CISAPRIDE,6.52,1,6.52,6.52,IC50,B,cell-based format,cell_based,8,H,,4,465.9530000000003,3.358100000000002,86.05,2,6,9,3,2,0.43478260869565216,0.4360349382366308
CHEMBL3952468,CHEMBL3952468,ClC1CC=CC=C1C(c1ccccc1)(c1ccccc1)n1ccnc1,,6.52,1,6.52,6.52,IC50,B,tissue-based format,other,8,H,2015,,346.86100000000005,5.168700000000005,17.82,0,1,4,4,3,0.13636363636363635,0.5958577106942614
CHEMBL3672581,CHEMBL3672581,CC(=O)N[C@H]1C[C@@H](C(=O)N[C@H](CC[C@H](Cc2ccccc2)NC(=O)OCc2cncs2)Cc2ccccc2)N(C(=O)N(C)Cc2csc(C(C)C)n2)C1,,6.43,1,6.43,6.43,IC50,B,assay format,other,9,D,2015,,759.9989999999998,5.899200000000006,145.86,3,9,16,5,4,0.4358974358974359,0.1290666514598832
CHEMBL5483011,CHEMBL115,CC(C)(C)NC(=O)[C@@H]1CN(Cc2cccnc2)CCN1C[C@@H](O)C[C@@H](Cc1ccccc1)C(=O)N[C@H]1c2ccccc2C[C@H]1O,INDINAVIR,6.4,1,6.4,6.4,IC50,B,cell-based format,cell_based,8,H,,4,613.8030000000003,2.8669000000000016,118.03000000000002,4,7,11,5,3,0.4722222222222222,0.2628234200956572
CHEMBL5928618,CHEMBL5928618,C#CC(C)(C)c1cc(NC(=O)Nc2ccc(Oc3ccnc(Nc4cc(C)c5[nH]ncc5c4)n3)c3ccccc23)n(-c2ccc(C)cc2)n1,,6.4,1,6.4,6.4,IC50,B,single protein format,single_protein,9,D,2016,,647.7429999999999,8.399340000000004,134.67000000000002,4,7,8,7,7,0.13157894736842105,0.12170547222322643
CHEMBL5080434,CHEMBL5080434,COc1cc(NC(=O)c2cc(=O)c3ccccc3o2)c(-c2nnn(-c3ccc(CCN4CCc5ccc(-n6ccnc6)cc5C4)cc3)n2)cc1OC,,6.4,1,6.4,6.4,IC50,B,microsome format,other,9,D,2022,,694.7520000000002,5.491700000000005,142.42999999999998,1,10,10,8,7,0.1794871794871795,0.1953168587362596
CHEMBL3109542,CHEMBL3109542,COc1ccc(C2(c3ccc(OC)cc3)NC(=N)N(C3CCCCC3)C2=O)cc1,,6.35,1,6.35,6.35,IC50,B,single protein format,single_protein,8,H,2016,,393.4870000000003,3.646670000000003,74.65,2,4,5,4,2,0.391304347826087,0.8132219457984207
CHEMBL459505,CHEMBL459505,CCC(CC)C(c1ccc(Nc2nc3ccccc3s2)cc1)n1cncn1,TALAROZOLE,6.33,1,6.33,6.33,IC50,B,assay format,other,9,D,2018,2,377.51700000000005,5.6570000000000045,55.63,1,5,7,4,4,0.2857142857142857,0.45156908198845835
CHEMBL1172847,CHEMBL1172847,CC(C)=C(c1ccncc1)c1ccc(-c2ccc(O)c(O)c2)cc1,,6.33,1,6.33,6.33,IC50,B,microsome format,other,8,H,2010,,317.38800000000003,5.0015000000000045,53.35000000000001,2,3,3,3,3,0.09523809523809523,0.6682464870543546
CHEMBL1969102,CHEMBL1969102,Cc1cccc(NC(=O)Nc2ccc(-c3csc4c(-c5cn[nH]c5)cnc(N)c34)cc2)c1,,6.32,2,6.12,6.52,IC50,B,assay format,other,9,D,2014,,440.53200000000015,5.888020000000004,108.72,4,5,4,5,5,0.041666666666666664,0.2793725288853248
CHEMBL1385840,CHEMBL1385840,CC(C)[C@H]1C(=O)N2CCC[C@H]2[C@]2(O)O[C@](NC(=O)[C@@H]3C=C4c5cccc6[nH]cc(c56)C[C@H]4N(C)C3)(C(C)C)C(=O)N12,ERGOCORNINE,6.3,1,6.3,6.3,IC50,B,cell-based format,cell_based,8,H,,,561.6830000000002,2.040199999999999,118.21,3,6,4,7,2,0.5806451612903226,0.5260711480529344
CHEMBL5079066,CHEMBL5079066,COc1cc2c(cc1OC)CN(CCc1ccc(-n3nnc(-c4cc(OC)c(OC)cc4NC(=O)c4ccc(-n5ccnc5)cc4)n3)cc1)CC2,,6.29,1,6.29,6.29,IC50,B,microsome format,other,9,D,2022,,686.773,5.402500000000005,130.68,1,10,12,7,6,0.23684210526315788,0.17858656952456559
CHEMBL1172882,CHEMBL1172882,Oc1cccc(-c2ccc(Cc3ccncc3)cc2)c1,,6.27,1,6.27,6.27,IC50,B,microsome format,other,8,H,2010,,261.324,4.045000000000003,33.120000000000005,1,2,3,3,3,0.05555555555555555,0.7713506421123568
CHEMBL1403281,CHEMBL1403281,CC(C)C[C@H]1C(=O)N2CCC[C@H]2[C@]2(O)O[C@](NC(=O)[C@@H]3C=C4c5cccc6[nH]cc(c56)C[C@H]4N(C)C3)(C(C)C)C(=O)N12,ERGOCRYPTINE,6.22,1,6.22,6.22,IC50,B,cell-based format,cell_based,8,H,,,575.7100000000002,2.4303,118.21,3,6,5,7,2,0.59375,0.5042848448513663
CHEMBL61,CHEMBL61,COc1cc([C@@H]2c3cc4c(cc3[C@H](O)[C@H]3COC(=O)[C@H]23)OCO4)cc(OC)c1OC,PODOFILOX,6.22,1,6.22,6.22,IC50,B,cell-based format,cell_based,8,H,,4,414.41000000000025,2.4092000000000002,92.68,1,8,4,5,2,0.4090909090909091,0.7629173210900769
CHEMBL3907374,CHEMBL3907374,Cc1ccc(C[C@@H]2COCCN2C(=O)c2ccccc2-n2nccn2)cc1-c1nccs1,,6.22,1,6.22,6.22,IC50,B,tissue-based format,other,8,H,2015,,445.5480000000001,3.7829200000000025,73.14,0,6,5,5,4,0.25,0.4674365332350743
CHEMBL165,CHEMBL165,Oc1ccc(/C=C/c2cc(O)cc(O)c2)cc1,RESVERATROL,6.22,1,6.22,6.22,IC50,B,cell-based format,cell_based,8,H,,3,228.247,2.9738000000000016,60.69,3,3,2,2,2,0.0,0.6923408487340214
CHEMBL5209371,CHEMBL5209371,Cc1c([C@@H](C)Nc2nnc(C)c3cnc(N4CCOCC4)cc23)cccc1C(F)(F)F,,6.19,1,6.19,6.19,IC50,B,single protein format,single_protein,9,D,2022,,431.46200000000016,4.6701400000000035,63.17,1,6,4,4,3,0.4090909090909091,0.6478368283168944
CHEMBL5873947,CHEMBL5873947,O=C1COc2cc(NCc3cccc(NC(=O)c4ccccc4Cl)c3)c(Cl)cc2N1,,6.16,1,6.16,6.16,IC50,B,single protein format,single_protein,9,D,2023,,442.3020000000001,5.188700000000002,79.46000000000001,3,4,5,4,3,0.09090909090909091,0.5083968590913772
CHEMBL60889,CHEMBL60889,CCOc1cc(N)c(Cl)cc1C(=O)NCC1CN(Cc2ccc(F)cc2)CCO1,MOSAPRIDE,6.16,1,6.16,6.16,IC50,B,cell-based format,cell_based,8,H,,3,421.9000000000002,3.0908000000000015,76.82,2,5,7,3,2,0.38095238095238093,0.6716774725066873
CHEMBL5072078,CHEMBL5072078,COc1cc2c(cc1OC)CN(CCc1ccc(-n3nnc(-c4cc(OCCc5cccnc5)ccc4NC(=O)c4cc(=O)c5ccccc5o4)n3)cc1)CC2,,6.14,1,6.14,6.14,IC50,B,microsome format,other,9,D,2022,,749.828,6.322500000000006,146.72999999999996,1,11,13,8,7,0.20930232558139536,0.1412927150083363
CHEMBL45816,CHEMBL45816,COCC(=O)O[C@]1(CCN(C)CCCc2nc3ccccc3[nH]2)CCc2cc(F)ccc2[C@@H]1C(C)C,MIBEFRADIL,6.14,1,6.14,6.14,IC50,B,organism-based format,other,9,D,2021,4,495.6390000000002,5.270900000000005,67.45,1,5,11,4,3,0.5172413793103449,0.3671828919918632
CHEMBL1173259,CHEMBL1173259,CC(C)=C(c1ccncc1)c1ccc(-c2cccc(O)c2)cc1,,6.14,1,6.14,6.14,IC50,B,microsome format,other,8,H,2010,,301.389,5.295900000000005,33.120000000000005,1,2,3,3,3,0.09523809523809523,0.7121494703970774
CHEMBL277535,CHEMBL277535,c1ccc(-c2ccc(C(c3ccccc3)n3ccnc3)cc2)cc1,BIFONAZOLE,6.1,1,6.1,6.1,IC50,B,tissue-based format,other,8,H,2015,3,310.40000000000003,5.187800000000005,17.82,0,1,4,4,4,0.045454545454545456,0.5071355444295608
CHEMBL528463,CHEMBL528463,CC(=O)c1ccc(-n2ccnc2)cc1,,6.1,1,6.1,6.1,IC50,B,single protein format,single_protein,8,H,2015,,186.214,2.0749,34.89,0,2,2,2,2,0.09090909090909091,0.6728072862506242
CHEMBL934,CHEMBL934,CC(C)(C(=O)c1cccnc1)c1cccnc1,METYRAPONE,6.1,1,6.1,6.1,IC50,B,cell-based format,cell_based,8,H,,4,226.279,2.637100000000001,42.85,0,3,3,2,2,0.21428571428571427,0.755476256361758
CHEMBL3961189,CHEMBL3961189,C=CN(C=N)C(c1ccccc1)c1ccc(-c2ccccc2)cc1,,6.1,1,6.1,6.1,IC50,B,single protein format,single_protein,8,H,2015,,312.416,5.495570000000004,27.090000000000003,1,1,6,3,3,0.045454545454545456,0.4723151398549534
CHEMBL5081940,CHEMBL5081940,COc1cc(NC(=O)c2cnc3ccccc3c2)c(-c2nnn(-c3ccc(CCN4CCc5cnccc5C4)cc3)n2)cc1OCc1ccccc1,,6.07,1,6.07,6.07,IC50,B,microsome format,other,9,D,2022,,688.7920000000001,6.713200000000007,120.18,1,9,11,8,7,0.17073170731707318,0.15810098462052996
CHEMBL1173260,CHEMBL1173260,Oc1ccc(-c2ccc(Cc3ccncc3)cc2)cc1F,,6.05,1,6.05,6.05,IC50,B,microsome format,other,8,H,2010,,279.314,4.184100000000003,33.120000000000005,1,2,3,3,3,0.05555555555555555,0.7796948190146895
CHEMBL460291,CHEMBL460291,CCOC(=O)C1=C(C)NC(C)=C(C(=O)OCC)C1c1ccccc1/C=C/C(=O)OC(C)(C)C,LACIDIPINE,6.05,1,6.05,6.05,IC50,B,cell-based format,cell_based,8,H,,3,455.5510000000002,4.402500000000004,90.92999999999999,1,7,7,2,1,0.4230769230769231,0.3700735420849879
CHEMBL456807,CHEMBL456807,NNc1ccccc1,PHENYLHYDRAZINE,6.05,1,6.05,6.05,IC50,B,cell-based format,cell_based,8,H,,,108.14399999999998,0.9722000000000002,38.05,2,2,1,1,1,0.0,0.4153026226145051
CHEMBL64391,CHEMBL64391,CCC(C)n1ncn(-c2ccc(N3CCN(c4ccc(OCC5COC(Cn6cncn6)(c6ccc(Cl)cc6Cl)O5)cc4)CC3)cc2)c1=O,ITRACONAZOLE,6.05,1,6.05,6.05,IC50,B,cell-based format,cell_based,8,H,,4,705.6470000000002,5.5773000000000055,104.70000000000002,0,9,11,7,5,0.37142857142857144,0.1743942883815827
CHEMBL5939079,CHEMBL5939079,CNC[C@H](c1ccc2ccccc2c1)[C@H](N)c1ccccc1,,6.03,1,6.03,6.03,IC50,B,assay format,other,9,D,2018,,290.41,3.842800000000002,38.05,2,2,5,3,3,0.2,0.7489326937013924
CHEMBL269732,CHEMBL269732,C=CC[C@@H]1/C=C(\C)C[C@H](C)C[C@H](OC)[C@H]2O[C@@](O)(C(=O)C(=O)N3CCCC[C@H]3C(=O)O[C@H](/C(C)=C/[C@@H]3CC[C@@H](O)[C@H](OC)C3)[C@H](C)[C@@H](O)CC1=O)[C@H](C)C[C@@H]2OC,TACROLIMUS ANHYDROUS,6.0,1,6.0,6.0,IC50,B,cell-based format,cell_based,8,H,,4,804.0310000000001,4.639000000000004,178.35999999999996,3,12,7,4,0,0.7727272727272727,0.18495553644513674
CHEMBL553025,CHEMBL553025,CCC1=C[C@@H]2CN(C1)Cc1c([nH]c3ccccc13)[C@@](C(=O)OC)(c1cc3c(cc1OC)N(C)[C@H]1[C@@](O)(C(=O)OC)[C@H](OC(C)=O)[C@]4(CC)C=CCN5CC[C@]31[C@@H]54)C2,VINORELBINE,6.0,1,6.0,6.0,IC50,B,cell-based format,cell_based,8,H,,4,778.9469999999999,4.753600000000004,133.87,2,11,7,9,3,0.5333333333333333,0.1956898904603122
CHEMBL4639128,CHEMBL4639128,COCc1nc2cnc3cc(-c4c(C)noc4C)c(OC[C@H]4CCNC4)cc3c2n1[C@H](C)c1ccccc1,GSK778,6.0,1,6.0,6.0,IC50,B,single protein format,single_protein,9,D,2021,,511.6260000000003,5.600340000000005,87.23000000000002,1,7,8,6,5,0.36666666666666664,0.29011256461158264
CHEMBL4555459,CHEMBL4555459,O=C(Nc1cccc([C@H]2CCCN(c3ncnc4[nH]ccc34)C2)c1)Nc1ccccc1N1CCCC1,,6.0,1,6.0,6.0,IC50,B,single protein format,single_protein,9,D,2019,,481.60400000000027,5.5861000000000045,89.17999999999999,3,5,5,6,4,0.32142857142857145,0.34597096828435003
CHEMBL442,CHEMBL442,CN1C[C@H](C(=O)N[C@]2(C)O[C@@]3(O)[C@@H]4CCCN4C(=O)[C@H](Cc4ccccc4)N3C2=O)C=C2c3cccc4[nH]cc(c34)C[C@H]21,ERGOTAMINE,6.0,1,6.0,6.0,IC50,B,cell-based format,cell_based,8,H,,4,581.6730000000001,1.990800000000002,118.21000000000001,3,6,4,8,3,0.42424242424242425,0.4340104045325293
CHEMBL3787564,CHEMBL3787564,CC1(C)CCC(C)(C)c2cc(C(=O)COc3ccc(C(=O)O)cc3)ccc21,,6.0,1,6.0,6.0,IC50,B,assay format,other,9,D,2018,,366.4570000000001,4.995500000000004,63.60000000000001,1,3,5,3,2,0.391304347826087,0.7568531271070331
CHEMBL116,CHEMBL116,CC(C)CN(C[C@@H](O)[C@H](Cc1ccccc1)NC(=O)O[C@H]1CCOC1)S(=O)(=O)c1ccc(N)cc1,AMPRENAVIR,6.0,1,6.0,6.0,IC50,B,cell-based format,cell_based,8,H,,4,505.63700000000034,2.4028,131.19,3,7,11,3,2,0.48,0.3997403747719006
CHEMBL115769,CHEMBL115769,COc1cc(N)[nH]c2nc(-c3ccc(F)cc3)c(-c3ccncc3)c1-2,,6.0,1,6.0,6.0,IC50,B,cell-based format,cell_based,8,H,,,334.3540000000001,3.9734000000000016,76.82,2,4,3,4,2,0.05263157894736842,0.5941221265190098
CHEMBL275066,CHEMBL275066,c1ccc(-n2ccnc2)cc1,,6.0,1,6.0,6.0,IC50,B,single protein format,single_protein,8,H,2015,,144.177,1.8722999999999999,17.82,0,1,1,2,2,0.0,0.5970666437894959
